Country,GWP100 tCO2-equiv,tCO2,tCH4,tN2O
Egypt,-40636336.66119547,-40430405.81856481,-4676.818404853898,-282.9431218669531
Nigeria,93469558.41890058,92936871.25437482,12228.364831704524,718.086600898189
South Africa,172691286.21050918,171775770.28310812,20677.25728661326,1270.0102768901634
