Country,GWP100 tCO2-equiv,tCO2,tCH4,tN2O
Egypt,-38772058.93711047,-38577124.00265736,-4470.62980838736,-263.2350936538302
Nigeria,207053957.02503574,205849834.98883694,27525.86351805756,1635.4636139365412
South Africa,172839885.7626835,171923434.6935021,20698.560523931912,1271.2882057031527
