Country,GWP100 tCO2-equiv,tCO2,tCH4,tN2O
Egypt,-37993122.3451978,-37803120.838806055,-4364.574032242398,-255.82427731680593
Nigeria,-20854037.182701312,-20708660.026737995,-3221.6166358969995,-208.19581191774
South Africa,172543714.38360196,171629127.28175685,20656.0988661839,1268.7408814792561
