Country,ExportsFrom,World,ImportsTo,ReExportsFrom,ExpFromImpToRatio,tCO2_USA,tCH4_USA,tN2O_USA,tCO2,tCH4,tN2O,GWP100 tCO2-equiv
Egypt,14504027746.0,14504027747.0,17004195576.539957,0.0,inf,839332.8567031901,87.19680426596707,12.735904504067552,43653386.66358913,5803.622691563,334.00030346535004,43904398.17937121
Nigeria,81265149466.64969,92537926419.1991,106427201128.21077,0.0,26890.25428584897,509.6704923977179,0.057544663491099775,0.008479101695711855,251515540.14295942,34081.971493981735,2028.2770956473103,253007328.77513745
South Africa,87464365767.703,85896380919.10387,69473872710.77122,8139019.44429437,24.046444293845177,208330570.78595978,24494.037676163498,3575.6386533719883,279720609.6823811,34872.593691793656,2144.4798046718165,281265329.4539893
