Country,ImportsFrom,World,ReImportsFrom,ExportsTo,ImpFromExpToRatio,tCO2_USA,tCH4_USA,tN2O_USA,tCO2,tCH4,tN2O,GWP100 tCO2-equiv
Egypt,28091440419.66743,21847413441.098354,0.0,16449565452.30904,7.090300060000001e+29,8028782.559992587,889.1515541391707,129.91926708222903,84083792.48215394,10480.441096416898,616.9434253323031,84540734.84056668
Nigeria,11980933758.64234,9290448470.334187,0.0,12505377361.932701,2.2329103619374285e+27,48550.50220044097,5.478366968680534,0.8048414007019796,36608867.068888545,5231.577930361136,314.11372803598067,36838591.38886819
South Africa,35858239757.93271,35858239809.0,301247673.0,14944969980.753273,1360.2384540549733,9474702.910278818,1050.1588744307983,153.4963685134946,107797174.9944604,14174.033168442535,873.1915990557824,108425443.69692658
