Country,ImportsFrom,World,ReImportsFrom,ExportsTo,ImpFromExpToRatio,tCO2_USA,tCH4_USA,tN2O_USA,tCO2,tCH4,tN2O,GWP100 tCO2-equiv
Egypt,27143284145.0,12237038575.0,0.0,4688789034.0,7.090300000000001e+29,6024154.879823189,665.5973768623646,97.20392474260896,81456507.50239518,10168.196723805399,589.824580782156,81897520.524569
Nigeria,8635697632.0,62520960.0,0.0,6676571514.0,5.600730000000001e+25,7297.6785841839555,0.801734404418087,0.11565344253621111,26348980.074062195,3785.036588702,227.11850178624,26515147.501519203
South Africa,35858239754.0,35858239809.0,301247673.0,26563415698.0,71.42551428554296,9474702.90400582,1050.158873719659,153.4963684086951,107797174.98829332,14174.033167800799,873.1915989595219,108425443.69071601
