Country,ExportsFrom,World,ImportsTo,ReExportsFrom,ExpFromImpToRatio,tCO2_USA,tCH4_USA,tN2O_USA,tCO2,tCH4,tN2O,GWP100 tCO2-equiv
Egypt,14504027746.0,14504027747.0,16924560442.434101,0.0,inf,839332.8567031901,87.19680426596707,12.735904504067552,43653386.66358913,5803.622691563,334.00030346535004,43904398.17937121
Nigeria,41917432501.22475,44150844947.48749,105786980499.74643,0.0,26895.184010336216,584.0877072934978,0.06475143882510045,0.009535039473587414,129545738.32326336,17459.94276206566,1032.2003289341696,130308149.80776876
South Africa,87416264693.157,83892648428.55792,70595630905.20688,4982953.513103795,24.498562950321606,208330570.78595978,24494.037676163498,3575.6386533719883,279572945.2775685,34851.290455055794,2143.2018759459456,281116729.9074358
