Country,ExportsFrom,World,ImportsTo,ReExportsFrom,ExpFromImpToRatio,tCO2_USA,tCH4_USA,tN2O_USA,tCO2,tCH4,tN2O,GWP100 tCO2-equiv
Egypt,14504027746.0,14504027747.0,16837295653.0,0.0,inf,839332.8567031901,87.19680426596707,12.735904504067552,43653386.66358913,5803.622691563,334.00030346535004,43904398.17937121
Nigeria,1951364702.0,447620320.0,103446225345.0,0.0,26900.851589060727,495.49505059635356,0.05617187327762958,0.008277960272492781,5640320.047324199,563.4199528050001,18.9226898685,5661110.318817891
South Africa,87368497446.0,81959469457.0,69314759958.0,1850404.0,24.918163915069236,208330570.78595978,24494.037676163498,3575.6386533719883,279426302.27005017,34830.1320339847,2141.932480438778,280969158.074318
