Country,ImportsFrom,World,ReImportsFrom,ExportsTo,ImpFromExpToRatio,tCO2_USA,tCH4_USA,tN2O_USA,tCO2,tCH4,tN2O,GWP100 tCO2-equiv
Egypt,27407336221.677044,22715900321.08069,0.0,16709725147.122236,7.090300060000001e+29,6156401.956481354,679.3430142300506,99.21952272687008,82230510.66624649,10274.25249995036,597.2353971191802,82676457.11648168
Nigeria,14931537611.66986,17993147472.811073,0.0,12505402346.255466,2.1205901215303652e+26,11215.589802019345,1.2458888528160044,0.18110778348346226,45665705.15412248,6556.107975924177,392.81348171076917,45953371.75010171
South Africa,35858239756.250854,35858239809.0,301247673.0,12162733258.718697,59.57141772398173,9474702.904601565,1050.1588737871955,153.49636841864788,107797174.988879,14174.033167861746,873.1915989686638,108425443.69130583
