,mmBtu per scf,kg CO2 per mmBtu,g CH4 per mmBtu,g N2O per mmBtu,kg CO2 per scf,g CH4 per scf,g N2O per scf
Natural Gas,0.001026,53.06,1,0.1,0.05444,0.00103,0.0001
Blast Furnace Gas,0.000092,274.32,0.022,0.1,0.02524,0.000002,0.000009
Coke Oven Gas,0.000599,46.85,0.48,0.1,0.02806,0.000288,0.00006
Fuel Gas,0.001388,59,3,0.6,0.08189,0.004164,0.000833
Propane Gas,0.002516,61.46,3,0.6,0.15463,0.007548,0.00151
Landfill Gas,0.000485,52.07,3.2,0.63,0.025254,0.001552,0.000306
Other Biomass Gases,0.000655,52.07,3.2,0.63,0.034106,0.002096,0.000413
